<?xml version="1.0"?>
<Project Version="1" Minor="7" DIGEST="">
	<TOOL_VERSION Version="2024.2"/>
	<MODE Name="Post-Synthesis"/>
	<SYSTEMINFO BOARD="" PART="xczu2cg-sfvc784-1-e" ARCH="zynquplus" PACKAGE="sfvc784" DEVICE="xczu2cg" SPEED="-1"/>
	<PART Name="xczu2cg-sfvc784-1-e">
		<SSIT IS_SSIT="0"/>
		<NUM_OF_SLRS Value="1"/>
	</PART>
	<HIERARCHY Name="design_1_wrapper"/>
	<File Type="HW_HANDOFF" Name="design_1.hwh" src_db="design_1.hwdef" DESIGN_HIERARCHY="design_1_i" BD_TYPE="DEFAULT_BD">
	</File>
	<File Type="BDA" Name="design_1.bda" src_db="design_1.hwdef">
	</File>
	<File Type="PS_FSBL_INIT" Name="psu_init.c" src_db="design_1_zynq_ultra_ps_e_0_0.hwdef">
	</File>
	<File Type="PS_FSBL_INIT" Name="psu_init.h" src_db="design_1_zynq_ultra_ps_e_0_0.hwdef">
	</File>
	<File Type="PS_FSBL_INIT_GPL" Name="psu_init_gpl.c" src_db="design_1_zynq_ultra_ps_e_0_0.hwdef">
	</File>
	<File Type="PS_FSBL_INIT_GPL" Name="psu_init_gpl.h" src_db="design_1_zynq_ultra_ps_e_0_0.hwdef">
	</File>
	<File Type="PS_INIT_HELP" Name="psu_init.html" src_db="design_1_zynq_ultra_ps_e_0_0.hwdef">
	</File>
	<File Type="PS_XMD_INIT" Name="psu_init.tcl" src_db="design_1_zynq_ultra_ps_e_0_0.hwdef">
	</File>
	<File Type="HW_HANDOFF" Name="design_1_mipi_csi2_rx_subsyst_1_0.hwh" src_db="design_1_mipi_csi2_rx_subsyst_1_0.hwdef" DESIGN_HIERARCHY="design_1_mipi_csi2_rx_subsyst_1_0" BD_TYPE="SCOPED_BD">
	</File>
	<File Type="HW_HANDOFF" Name="design_1_mipi_csi2_rx_subsyst_0_0.hwh" src_db="design_1_mipi_csi2_rx_subsyst_0_0.hwdef" DESIGN_HIERARCHY="design_1_mipi_csi2_rx_subsyst_0_0" BD_TYPE="SCOPED_BD">
	</File>
	<File Type="HW_HANDOFF" Name="design_1_smartconnect_0_0.hwh" src_db="design_1_smartconnect_0_0.hwdef" DESIGN_HIERARCHY="design_1_smartconnect_0_0" BD_TYPE="SCOPED_BD">
	</File>
	<File Type="HW_HANDOFF" Name="design_1_smartconnect_1_0.hwh" src_db="design_1_smartconnect_1_0.hwdef" DESIGN_HIERARCHY="design_1_smartconnect_1_0" BD_TYPE="SCOPED_BD">
	</File>
	<File Type="BIT" Name="design_1_wrapper.bit" src_db="temp.hdf">
	</File>
	<DRIVERS>
		<DRIVER IP_VLNV="xilinx.com:hls:stitcher:1.0">
			<File PATH="drivers/stitcher_v1_0/data/stitcher.mdd"/>
			<File PATH="drivers/stitcher_v1_0/data/stitcher.tcl"/>
			<File PATH="drivers/stitcher_v1_0/data/stitcher.yaml"/>
			<File PATH="drivers/stitcher_v1_0/src/CMakeLists.txt"/>
			<File PATH="drivers/stitcher_v1_0/src/Makefile"/>
			<File PATH="drivers/stitcher_v1_0/src/xstitcher.c"/>
			<File PATH="drivers/stitcher_v1_0/src/xstitcher.h"/>
			<File PATH="drivers/stitcher_v1_0/src/xstitcher_hw.h"/>
			<File PATH="drivers/stitcher_v1_0/src/xstitcher_linux.c"/>
			<File PATH="drivers/stitcher_v1_0/src/xstitcher_sinit.c"/>
		</DRIVER>
	</DRIVERS>
	<USEDRESOURCES/>
	<DESIGN_DATA Type="rm">
		<DESIGN_IDS DESIGN_ID="0" PARENT_ID="0" NODE_ID="0"/>
	</DESIGN_DATA>
</Project>

